SARS-CoV-2_1	SARS-CoV-2_1_LEFT	AACAAACCAACCAACTTTCGATCTC	True	True	25
SARS-CoV-2_1	SARS-CoV-2_1_RIGHT	CTTCTACTAAGCCACAAGTGCCA	False	False	408
SARS-CoV-2_2	SARS-CoV-2_2_LEFT	TTTACAGGTTCGCGACGTGC	True	True	324
SARS-CoV-2_2	SARS-CoV-2_2_RIGHT	ATAAGGATCAGTGCCAAGCTCG	False	False	705
SARS-CoV-2_3	SARS-CoV-2_3_LEFT	GTAATAAAGGAGCTGGTGGCCA	True	True	644
SARS-CoV-2_3	SARS-CoV-2_3_RIGHT	GCCAATTTAATTTCAAAAGGTGTCTGC	False	False	1017
SARS-CoV-2_4	SARS-CoV-2_4_LEFT	GTGTATACTGCTGCCGTGAACA	True	True	944
SARS-CoV-2_4	SARS-CoV-2_4_RIGHT	ACAACAGCATTTTGGGGTAAGTAAC	False	False	1337
SARS-CoV-2_5	SARS-CoV-2_5_LEFT	TGAAACTTCATGGCAGACGGG	True	True	1245
SARS-CoV-2_5	SARS-CoV-2_5_RIGHT	TTGATGTTGACTTTCTCTTTTTGGAGT	False	False	1623
SARS-CoV-2_6	SARS-CoV-2_6_LEFT	CGTGCTAGCGCTAACATAGGTT	True	True	1540
SARS-CoV-2_6	SARS-CoV-2_6_RIGHT	AACACGCACAGAATTTTGAGCAG	False	False	1925
SARS-CoV-2_7	SARS-CoV-2_7_LEFT	ACTGAGTCCTCTTTATGCATTTGC	True	True	1851
SARS-CoV-2_7	SARS-CoV-2_7_RIGHT	CCACCGACAATTTCACAAGCAC	False	False	2228
SARS-CoV-2_8	SARS-CoV-2_8_LEFT	GCTTGAAGAGAAGTTTAAGGAAGGTG	True	True	2154
SARS-CoV-2_8	SARS-CoV-2_8_RIGHT	GGTTGTTCTAATGGTTGTAAATCACCA	False	False	2544
SARS-CoV-2_9	SARS-CoV-2_9_LEFT	TCTTCTTAGAGGGAGAAACACTTCC	True	True	2483
SARS-CoV-2_9	SARS-CoV-2_9_RIGHT	CACAGGCGAACTCATTTACTTCTG	False	False	2861
SARS-CoV-2_10	SARS-CoV-2_10_LEFT	TGAGAAGTGCTCTGCCTATACAGT	True	True	2826
SARS-CoV-2_10	SARS-CoV-2_10_RIGHT	TCATCTAACCAATCTTCTTCTTGCTCT	False	False	3183
SARS-CoV-2_11	SARS-CoV-2_11_LEFT	AGAAGAGTTTGAGCCATCAACTCA	True	True	3078
SARS-CoV-2_11	SARS-CoV-2_11_RIGHT	TTTAAGGCTCCTGCAACACCTC	False	False	3470
SARS-CoV-2_12	SARS-CoV-2_12_LEFT	TGCAGACATTGTGGAAGAAGCT	True	True	3390
SARS-CoV-2_12	SARS-CoV-2_12_RIGHT	CAGCTAAGTAGACATTTGTGCGAAC	False	False	3769
SARS-CoV-2_13	SARS-CoV-2_13_LEFT	AGCACGAAGTTCTACTTGCACC	True	True	3683
SARS-CoV-2_13	SARS-CoV-2_13_RIGHT	GATGTCAATGTCACTAACAAGAGTGG	False	False	4067
SARS-CoV-2_14	SARS-CoV-2_14_LEFT	TGGAAGAAACTAAGTTCCTCACAGAA	True	True	3992
SARS-CoV-2_14	SARS-CoV-2_14_RIGHT	CATGTGCAAGCATTTCTCGCAA	False	False	4387
SARS-CoV-2_15	SARS-CoV-2_15_LEFT	AAAAGTGCCTTTTACATTCTACCATCT	True	True	4312
SARS-CoV-2_15	SARS-CoV-2_15_RIGHT	GCATCAGGTGAAGAAACAGAAACTG	False	False	4685
SARS-CoV-2_16	SARS-CoV-2_16_LEFT	TGTAACACATGGCTTAAATTTGGAAGAA	True	True	4620
SARS-CoV-2_16	SARS-CoV-2_16_RIGHT	CACAACTTGCGTGTGGAGGTTA	False	False	4995
SARS-CoV-2_17	SARS-CoV-2_17_LEFT	TGACAATCTTAAGACACTTCTTTCTTTGAG	True	True	4923
SARS-CoV-2_17	SARS-CoV-2_17_RIGHT	TTCAACTCTATTTGTTGGAGTGTTAACAA	False	False	5302
SARS-CoV-2_18	SARS-CoV-2_18_LEFT	TGGAAATACCCACAAGTTAATGGTTTAAC	True	True	5230
SARS-CoV-2_18	SARS-CoV-2_18_RIGHT	GCTTGTTTACCACACGTACAAGG	False	False	5620
SARS-CoV-2_19	SARS-CoV-2_19_LEFT	AAGCTGTTATGTACATGGGCACA	True	True	5561
SARS-CoV-2_19	SARS-CoV-2_19_RIGHT	TGTCCAACTTAGGGTCAATTTCTGT	False	False	5932
SARS-CoV-2_20	SARS-CoV-2_20_LEFT	ACAAAGAAAACAGTTACACAACAACCA	True	True	5867
SARS-CoV-2_20	SARS-CoV-2_20_RIGHT	ACGTGGCTTTATTAGTTGCATTGTT	False	False	6247
SARS-CoV-2_21	SARS-CoV-2_21_LEFT	CACTACACACCCTCTTTTAAGAAAGG	True	True	6184
SARS-CoV-2_21	SARS-CoV-2_21_RIGHT	GTAAGACTAGAATTGTCTACATAAGCAGC	False	False	6553
SARS-CoV-2_22	SARS-CoV-2_22_LEFT	GTAGGAGACATTATACTTAAACCAGCAAA	True	True	6478
SARS-CoV-2_22	SARS-CoV-2_22_RIGHT	CCGACACTCTTAACAGTATTCTTTGC	False	False	6859
SARS-CoV-2_23	SARS-CoV-2_23_LEFT	AAACCGTGTTTGTACTAATTATATGCCTT	True	True	6747
SARS-CoV-2_23	SARS-CoV-2_23_RIGHT	AACCACTAAGACAAACACTACAAGGT	False	False	7122
SARS-CoV-2_24	SARS-CoV-2_24_LEFT	GGTTACAGAGAAGGCTATTTGAACTCT	True	True	7057
SARS-CoV-2_24	SARS-CoV-2_24_RIGHT	ACAACATGCACATAACTTTTCCATACA	False	False	7440
SARS-CoV-2_25	SARS-CoV-2_25_LEFT	CAAATGGCCCCGATTTCAGCTA	True	True	7381
SARS-CoV-2_25	SARS-CoV-2_25_RIGHT	TGGATGGAACCATTCTTCACTGT	False	False	7747
SARS-CoV-2_26	SARS-CoV-2_26_LEFT	GCGAGAGACTTGTCACTACAGTT	True	True	7672
SARS-CoV-2_26	SARS-CoV-2_26_RIGHT	GAGTTTTTCCATTGGTACGTTAAAAGTTG	False	False	8063
SARS-CoV-2_27	SARS-CoV-2_27_LEFT	CTGATGTTGGTGATAGTGCGGA	True	True	7997
SARS-CoV-2_27	SARS-CoV-2_27_RIGHT	AGCAATGTTGTGACTTTTTGCTACC	False	False	8370
SARS-CoV-2_28	SARS-CoV-2_28_LEFT	TGAAAACATGACACCCCGTGAC	True	True	8304
SARS-CoV-2_28	SARS-CoV-2_28_RIGHT	TGACACCACCATCAATAGCCTTG	False	False	8691
SARS-CoV-2_29	SARS-CoV-2_29_LEFT	CTTGTGTTCCTTTTTGTTGCTGC	True	True	8596
SARS-CoV-2_29	SARS-CoV-2_29_RIGHT	AGCCAAAACACAAGCTGATGTTG	False	False	8990
SARS-CoV-2_30	SARS-CoV-2_30_LEFT	ACCTAGAGTTTTTAGTGCAGTTGGT	True	True	8919
SARS-CoV-2_30	SARS-CoV-2_30_RIGHT	CTACACCACAGAAAACTCCTGGT	False	False	9306
SARS-CoV-2_31	SARS-CoV-2_31_LEFT	CCTTGAAGGTTCTGTTAGAGTGGT	True	True	9168
SARS-CoV-2_31	SARS-CoV-2_31_RIGHT	AATGAGTAAACTGGTGTTAAACAGAGTAC	False	False	9535
SARS-CoV-2_32	SARS-CoV-2_32_LEFT	GAGCTTTTGGTGAATACAGTCATGTAG	True	True	9470
SARS-CoV-2_32	SARS-CoV-2_32_RIGHT	GAGGTAATAGCACATCACTACGCA	False	False	9842
SARS-CoV-2_33	SARS-CoV-2_33_LEFT	GTACTTTTGAAGAAGCTGCGCTG	True	True	9782
SARS-CoV-2_33	SARS-CoV-2_33_RIGHT	TGTCTTGGACAGTAAACTACGTCATC	False	False	10150
SARS-CoV-2_34	SARS-CoV-2_34_LEFT	TCCCATCTGGTAAAGTTGAGGGT	True	True	10076
SARS-CoV-2_34	SARS-CoV-2_34_RIGHT	CCACATGAACCATTAAGGAATGAACC	False	False	10465
SARS-CoV-2_35	SARS-CoV-2_35_LEFT	GTGTTAGCTTGTTACAATGGTTCACC	True	True	10393
SARS-CoV-2_35	SARS-CoV-2_35_RIGHT	AGGTCCTAGTATGTCAACATGGTCT	False	False	10785
SARS-CoV-2_36	SARS-CoV-2_36_LEFT	CAATCGATTTACCACAACTCTTAATGACT	True	True	10713
SARS-CoV-2_36	SARS-CoV-2_36_RIGHT	ACCCATAGCAAAAGGTAAAAAGGC	False	False	11092
SARS-CoV-2_37	SARS-CoV-2_37_LEFT	CACACCACTGGTTGTTACTCACA	True	True	11000
SARS-CoV-2_37	SARS-CoV-2_37_RIGHT	GTGTCAAGACATTCATAAGTGTCCAC	False	False	11388
SARS-CoV-2_38	SARS-CoV-2_38_LEFT	GACTGTGTTATGTATGCATCAGCTG	True	True	11305
SARS-CoV-2_38	SARS-CoV-2_38_RIGHT	CCTGTGTAGAAACTAAGTAATCATAAACACC	False	False	11689
SARS-CoV-2_39	SARS-CoV-2_39_LEFT	GCTATTTTTGTACTTGTTACTTTGGCC	True	True	11624
SARS-CoV-2_39	SARS-CoV-2_39_RIGHT	CCCTGCATGGAAAGCAAAACAG	False	False	12011
SARS-CoV-2_40	SARS-CoV-2_40_LEFT	TGTCCAGTTACACAATGACATTCTCT	True	True	11937
SARS-CoV-2_40	SARS-CoV-2_40_RIGHT	ACTTTTGCCCTCTTGTCCTCAG	False	False	12317
SARS-CoV-2_41	SARS-CoV-2_41_LEFT	ATTTGACCGTGATGCAGCCAT	True	True	12234
SARS-CoV-2_41	SARS-CoV-2_41_RIGHT	AAGAGGCCATGCTAAATTAGGTGAA	False	False	12618
SARS-CoV-2_42	SARS-CoV-2_42_LEFT	TGGTACAACATTTACTTATGCATCAGC	True	True	12519
SARS-CoV-2_42	SARS-CoV-2_42_RIGHT	TGTCTGTAACAAACCTACAAGGTGG	False	False	12895
SARS-CoV-2_43	SARS-CoV-2_43_LEFT	GGATTTGAAATGGGCTAGATTCCCT	True	True	12831
SARS-CoV-2_43	SARS-CoV-2_43_RIGHT	CGATGCACCACCAAAGGATTCT	False	False	13218
SARS-CoV-2_44	SARS-CoV-2_44_LEFT	GGGGACAACCAATCACTAATTGTG	True	True	13124
SARS-CoV-2_44	SARS-CoV-2_44_RIGHT	CATCAGTACTAGTGCCTGTGCC	False	False	13506
SARS-CoV-2_45	SARS-CoV-2_45_LEFT	TAAACGGGTTTGCGGTGTAAGT	True	True	13463
SARS-CoV-2_45	SARS-CoV-2_45_RIGHT	TCACAATTACCTTCATCAAAATGCCT	False	False	13833
SARS-CoV-2_46	SARS-CoV-2_46_LEFT	AGAATAGACGGTGACATGGTACC	True	True	13752
SARS-CoV-2_46	SARS-CoV-2_46_RIGHT	TCTACAACAGGAACTCCACTACCT	False	False	14120
SARS-CoV-2_47	SARS-CoV-2_47_LEFT	TGGTGTACTGACATTAGATAATCAAGATCT	True	True	14045
SARS-CoV-2_47	SARS-CoV-2_47_RIGHT	TGGAACACCATCAACAAATATTTTTCTCA	False	False	14428
SARS-CoV-2_48	SARS-CoV-2_48_LEFT	ACTGTTTGGATGACAGATGCATTC	True	True	14338
SARS-CoV-2_48	SARS-CoV-2_48_RIGHT	CAGAACTTCCTTCCTTAAAGAAACCC	False	False	14717
SARS-CoV-2_49	SARS-CoV-2_49_LEFT	ACAATGTTGCTTTTCAAACTGTCAAAC	True	True	14647
SARS-CoV-2_49	SARS-CoV-2_49_RIGHT	GGGATGACATTACGTTTTGTATATGCG	False	False	15023
SARS-CoV-2_50	SARS-CoV-2_50_LEFT	CATTTAATAAATGGGGTAAGGCTAGACTTT	True	True	14953
SARS-CoV-2_50	SARS-CoV-2_50_RIGHT	GAGCAAGAACAAGTGAGGCCAT	False	False	15336
SARS-CoV-2_51	SARS-CoV-2_51_LEFT	GCAAATTCTATGGTGGTTGGCAC	True	True	15214
SARS-CoV-2_51	SARS-CoV-2_51_RIGHT	GTCTGTGTTGTAAATTGCGGACA	False	False	15596
SARS-CoV-2_52	SARS-CoV-2_52_LEFT	CTGTCACGGCCAATGTTAATGC	True	True	15535
SARS-CoV-2_52	SARS-CoV-2_52_RIGHT	GGATCTGGGTAAGGAAGGTACACA	False	False	15917
SARS-CoV-2_53	SARS-CoV-2_53_LEFT	ACTAAAGGACCTCATGAATTTTGCTC	True	True	15855
SARS-CoV-2_53	SARS-CoV-2_53_RIGHT	GCAAAGAACACAAGCCCCAAC	False	False	16239
SARS-CoV-2_54	SARS-CoV-2_54_LEFT	ACATGATGAGTTAACAGGACACATG	True	True	16112
SARS-CoV-2_54	SARS-CoV-2_54_RIGHT	CCAAAAACTTGTCCATTAGCACACA	False	False	16483
SARS-CoV-2_55	SARS-CoV-2_55_LEFT	AATGCTCCAGGTTGTGATGTCA	True	True	16386
SARS-CoV-2_55	SARS-CoV-2_55_RIGHT	ACACGATAACCAGTAAAGACATAATTTCG	False	False	16767
SARS-CoV-2_56	SARS-CoV-2_56_LEFT	ACTGTACGTGAAGTGCTGTCTG	True	True	16692
SARS-CoV-2_56	SARS-CoV-2_56_RIGHT	TGACTCTTACCAGTACCAGGTGG	False	False	17082
SARS-CoV-2_57	SARS-CoV-2_57_LEFT	GGCTTATACCCAACACTCAATATCTCA	True	True	16986
SARS-CoV-2_57	SARS-CoV-2_57_RIGHT	CTGGCATTGACAACACTCAAATCA	False	False	17381
SARS-CoV-2_58	SARS-CoV-2_58_LEFT	TGCCTGAGACGACAGCAGATAT	True	True	17323
SARS-CoV-2_58	SARS-CoV-2_58_RIGHT	TGTGGCCTGTTAATTGCAGATGA	False	False	17688
SARS-CoV-2_59	SARS-CoV-2_59_LEFT	GCTTAAAGCACATAAAGACAAATCAGC	True	True	17615
SARS-CoV-2_59	SARS-CoV-2_59_RIGHT	TCCTACGTGGAATTTCAAGACTTGT	False	False	17997
SARS-CoV-2_60	SARS-CoV-2_60_LEFT	ACAGATTTAATGTTGCTATTACCAGAGC	True	True	17911
SARS-CoV-2_60	SARS-CoV-2_60_RIGHT	TAGCATGACACCCCTCGACAT	False	False	18307
SARS-CoV-2_61	SARS-CoV-2_61_LEFT	ACCCTAACATGTTTATCACCCGC	True	True	18244
SARS-CoV-2_61	SARS-CoV-2_61_RIGHT	GCTCAGGTCCTATTTTCACAAAATACTT	False	False	18624
SARS-CoV-2_62	SARS-CoV-2_62_LEFT	GTGACACACTTAAAAATCTCTCTGACAG	True	True	18550
SARS-CoV-2_62	SARS-CoV-2_62_RIGHT	CCGCATTAATCTTCAGTTCATCACC	False	False	18936
SARS-CoV-2_63	SARS-CoV-2_63_LEFT	TAGGTGTCTAGCTGTCCACGAG	True	True	18869
SARS-CoV-2_63	SARS-CoV-2_63_RIGHT	CCAGGCAAGTTAAGGTTAGATAGCA	False	False	19252
SARS-CoV-2_64	SARS-CoV-2_64_LEFT	GCCTATTTTGGAATTGCAATGTCGA	True	True	19183
SARS-CoV-2_64	SARS-CoV-2_64_RIGHT	GTATCAAATTGTTTGTAAACCCACAAGC	False	False	19558
SARS-CoV-2_65	SARS-CoV-2_65_LEFT	GTCTGTAGACATCATGCTAATGAGTACA	True	True	19485
SARS-CoV-2_65	SARS-CoV-2_65_RIGHT	GCTGGAGCATCTCTTTTGTAGTCC	False	False	19877
SARS-CoV-2_66	SARS-CoV-2_66_LEFT	AACCAGTACCAGAGGTGAAAATACTC	True	True	19810
SARS-CoV-2_66	SARS-CoV-2_66_RIGHT	TTTCTACTCTGAGTAAAGTAAGTTTCAGGT	False	False	20186
SARS-CoV-2_67	SARS-CoV-2_67_LEFT	CAAACAAGCTAGTCTTAATGGAGTCAC	True	True	20090
SARS-CoV-2_67	SARS-CoV-2_67_RIGHT	AACACACACACTTAGATGAACCTGT	False	False	20472
SARS-CoV-2_68	SARS-CoV-2_68_LEFT	GACTAGCTAAACGTTTTAAGGAATCACC	True	True	20377
SARS-CoV-2_68	SARS-CoV-2_68_RIGHT	GCGACATTCATCATTATGCCTTTAGG	False	False	20766
SARS-CoV-2_69	SARS-CoV-2_69_LEFT	CGGGTGTTGCTATGCCTAATCT	True	True	20677
SARS-CoV-2_69	SARS-CoV-2_69_RIGHT	TTTGTAACATTTTTAGTCTTAGGGTCGTAC	False	False	21050
SARS-CoV-2_70	SARS-CoV-2_70_LEFT	TTGATTGGTGATTGTGCAACTGTAC	True	True	20988
SARS-CoV-2_70	SARS-CoV-2_70_RIGHT	AGAATAGGAAGACAACTGAATTGGATTTG	False	False	21358
SARS-CoV-2_71	SARS-CoV-2_71_LEFT	GGCAAACCACGCGAACAAATAG	True	True	21294
SARS-CoV-2_71	SARS-CoV-2_71_RIGHT	TGAGGATCTGAAAACTTTGTCAGGG	False	False	21675
SARS-CoV-2_72	SARS-CoV-2_72_LEFT	GTGATGTTCTTGTTAACAACTAAACGAAC	True	True	21532
SARS-CoV-2_72	SARS-CoV-2_72_RIGHT	GTAGCGTTATTAACAATAAGTAGGGACTG	False	False	21904
SARS-CoV-2_73	SARS-CoV-2_73_LEFT	AGAGGCTGGATTTTTGGTACTACT	True	True	21865
SARS-CoV-2_73	SARS-CoV-2_73_RIGHT	ACCTAGTGATGTTAATACCTATTGGCA	False	False	22247
SARS-CoV-2_74	SARS-CoV-2_74_LEFT	TGGACCTTGAAGGAAAACAGGG	True	True	22091
SARS-CoV-2_74	SARS-CoV-2_74_RIGHT	TGATAGATTCCTTTTTCTACAGTGAAGGA	False	False	22474
SARS-CoV-2_75	SARS-CoV-2_75_LEFT	GAAAATGGAACCATTACAGATGCTGT	True	True	22402
SARS-CoV-2_75	SARS-CoV-2_75_RIGHT	TTTGCCCTGGAGCGATTTGT	False	False	22785
SARS-CoV-2_76	SARS-CoV-2_76_LEFT	GCTGATTATTCTGTCCTATATAATTCCGC	True	True	22648
SARS-CoV-2_76	SARS-CoV-2_76_RIGHT	GTTGGAAACCATATGATTGTAAAGGAAAG	False	False	23028
SARS-CoV-2_77	SARS-CoV-2_77_LEFT	CAAACCTTTTGAGAGAGATATTTCAACTGA	True	True	22944
SARS-CoV-2_77	SARS-CoV-2_77_RIGHT	CACTGACACCACCAAAAGAACATG	False	False	23327
SARS-CoV-2_78	SARS-CoV-2_78_LEFT	CTGAGTCTAACAAAAAGTTTCTGCCTT	True	True	23219
SARS-CoV-2_78	SARS-CoV-2_78_RIGHT	GGATTGACTAGCTACACTACGTGC	False	False	23611
SARS-CoV-2_79	SARS-CoV-2_79_LEFT	ACCCATTGGTGCAGGTATATGC	True	True	23553
SARS-CoV-2_79	SARS-CoV-2_79_RIGHT	CCAAAATCTTTAATTGGTGGTGTTTTGT	False	False	23927
SARS-CoV-2_80	SARS-CoV-2_80_LEFT	CCGTGCTTTAACTGGAATAGCTG	True	True	23853
SARS-CoV-2_80	SARS-CoV-2_80_RIGHT	GCAAATGGTATTTGTAATGCAGCAC	False	False	24233
SARS-CoV-2_81	SARS-CoV-2_81_LEFT	TGCTCAATACACTTCTGCACTGT	True	True	24171
SARS-CoV-2_81	SARS-CoV-2_81_RIGHT	TGAAGTCTGCCTGTGATCAACC	False	False	24545
SARS-CoV-2_82	SARS-CoV-2_82_LEFT	TGCACAAGCTTTAAACACGCTT	True	True	24426
SARS-CoV-2_82	SARS-CoV-2_82_RIGHT	CACGAGGAAAGTGTGCTTTTCC	False	False	24814
SARS-CoV-2_83	SARS-CoV-2_83_LEFT	GCATGTGACTTATGTCCCTGCA	True	True	24750
SARS-CoV-2_83	SARS-CoV-2_83_RIGHT	AGATTCATTTAAATTCTTGGCAACCTCA	False	False	25122
SARS-CoV-2_84	SARS-CoV-2_84_LEFT	GTTGATTTAGGTGACATCTCTGGCA	True	True	25051
SARS-CoV-2_84	SARS-CoV-2_84_RIGHT	AGCATCCTTGATTTCACCTTGCT	False	False	25438
SARS-CoV-2_85	SARS-CoV-2_85_LEFT	ATGAAGACGACTCTGAGCCAGT	True	True	25331
SARS-CoV-2_85	SARS-CoV-2_85_RIGHT	CTGCAAGAAGTAGACTAAAGCATAAAGAT	False	False	25711
SARS-CoV-2_86	SARS-CoV-2_86_LEFT	TGTTGTTTGTAACAGTTTACTCACACC	True	True	25645
SARS-CoV-2_86	SARS-CoV-2_86_RIGHT	TCAATTGAGTTGAGTACAGCTGGT	False	False	26026
SARS-CoV-2_87	SARS-CoV-2_87_LEFT	GTGGTTATACTGAAAAATGGGAATCTGG	True	True	25951
SARS-CoV-2_87	SARS-CoV-2_87_RIGHT	AATCGAAGCGCAGTAAGGATGG	False	False	26338
SARS-CoV-2_88	SARS-CoV-2_88_LEFT	CGTTTCGGAAGAGACAGGTACG	True	True	26255
SARS-CoV-2_88	SARS-CoV-2_88_RIGHT	ACAAAAACCTATTCCTGTTGGCATAG	False	False	26635
SARS-CoV-2_89	SARS-CoV-2_89_LEFT	AAGCTCCTTGAACAATGGAACCT	True	True	26564
SARS-CoV-2_89	SARS-CoV-2_89_RIGHT	CAGCAATACGAAGATGTCCACGA	False	False	26956
SARS-CoV-2_90	SARS-CoV-2_90_LEFT	ATTCTTCTCAACGTGCCACTCC	True	True	26873
SARS-CoV-2_90	SARS-CoV-2_90_RIGHT	TCCAAATGGAAACTTTAAAAGTCCTCA	False	False	27256
SARS-CoV-2_91	SARS-CoV-2_91_LEFT	TCCAGTAGCAGTGACAATATTGCTT	True	True	27152
SARS-CoV-2_91	SARS-CoV-2_91_RIGHT	AGTGCAAATTTGTTATCAGCTAGAGG	False	False	27534
SARS-CoV-2_92	SARS-CoV-2_92_LEFT	CACTACCAAGAGTGTGTTAGAGGTAC	True	True	27447
SARS-CoV-2_92	SARS-CoV-2_92_RIGHT	GTTCAAGTGAGAACCAAAAGATAATAAGC	False	False	27826
SARS-CoV-2_93	SARS-CoV-2_93_LEFT	TTGTTGCGGCAATAGTGTTTATAACA	True	True	27700
SARS-CoV-2_93	SARS-CoV-2_93_RIGHT	TGGGTGATTTAGAACCAGCCTC	False	False	28082
SARS-CoV-2_94	SARS-CoV-2_94_LEFT	ACCCGTGTCCTATTCACTTCTATTC	True	True	27996
SARS-CoV-2_94	SARS-CoV-2_94_RIGHT	TTATTGGGTAAACCTTGGGGCC	False	False	28394
SARS-CoV-2_95	SARS-CoV-2_95_LEFT	GTGCGTTGTTCGTTCTATGAAGAC	True	True	28190
SARS-CoV-2_95	SARS-CoV-2_95_RIGHT	ACCATCTTGGACTGAGATCTTTCATT	False	False	28572
SARS-CoV-2_96	SARS-CoV-2_96_LEFT	AGATGACCAAATTGGCTACTACCG	True	True	28512
SARS-CoV-2_96	SARS-CoV-2_96_RIGHT	CCATTGCCAGCCATTCTAGCA	False	False	28893
SARS-CoV-2_97	SARS-CoV-2_97_LEFT	TTCCTCATCACGTAGTCGCAAC	True	True	28827
SARS-CoV-2_97	SARS-CoV-2_97_RIGHT	CGACATTCCGAAGAACGCTGA	False	False	29206
SARS-CoV-2_98	SARS-CoV-2_98_LEFT	CCAGGAACTAATCAGACAAGGAACT	True	True	29136
SARS-CoV-2_98	SARS-CoV-2_98_RIGHT	TTTAGGCCTGAGTTGAGTCAGC	False	False	29512
SARS-CoV-2_99	SARS-CoV-2_99_LEFT	CTTCTTCCTGCTGCAGATTTGGA	True	True	29452
SARS-CoV-2_99	SARS-CoV-2_99_RIGHT	GCTATTAAAATCACATGGGGATAGCAC	False	False	29827
