SARSCoV_1200_1	SARSCoV_1200_1_LEFT	ACCAACCAACTTTCGATCTCTTGT	True	True	30
SARSCoV_1200_1	SARSCoV_1200_1_RIGHT	GGTTGCATTCATTTGGTGACGC	False	False	1205
SARSCoV_1200_3	SARSCoV_1200_3_LEFT	GGCTTGAAGAGAAGTTTAAGGAAGGT	True	True	2153
SARSCoV_1200_3	SARSCoV_1200_3_RIGHT	GATTGTCCTCACTGCCGTCTTG	False	False	3257
SARSCoV_1200_5	SARSCoV_1200_5_LEFT	ACCTACTAAAAAGGCTGGTGGC	True	True	4167
SARSCoV_1200_5	SARSCoV_1200_5_RIGHT	AGCATCTTGTAGAGCAGGTGGA	False	False	5359
SARSCoV_1200_7	SARSCoV_1200_7_LEFT	ACCTGGTGTATACGTTGTCTTTGG	True	True	6283
SARSCoV_1200_7	SARSCoV_1200_7_RIGHT	GCTGAAATCGGGGCCATTTGTA	False	False	7401
SARSCoV_1200_9	SARSCoV_1200_9_LEFT	AGAAGTTACTGGCGATAGTTGTAATAACT	True	True	8253
SARSCoV_1200_9	SARSCoV_1200_9_RIGHT	TGCTGATATGTCCAAAGCACCA	False	False	9400
SARSCoV_1200_11	SARSCoV_1200_11_LEFT	AGACACCTAAGTATAAGTTTGTTCGCA	True	True	10343
SARSCoV_1200_11	SARSCoV_1200_11_RIGHT	GCCCACATGGAAATGGCTTGAT	False	False	11469
SARSCoV_1200_13	SARSCoV_1200_13_LEFT	ACCTCTTACAACAGCAGCCAAAC	True	True	12450
SARSCoV_1200_13	SARSCoV_1200_13_RIGHT	CGTCCTTTTCTTGGAAGCGACA	False	False	13621
SARSCoV_1200_15	SARSCoV_1200_15_LEFT	TTTTAAGGAATTACTTGTGTATGCTGCT	True	True	14540
SARSCoV_1200_15	SARSCoV_1200_15_RIGHT	ACACACAACAGCATCGTCAGAG	False	False	15735
SARSCoV_1200_17	SARSCoV_1200_17_LEFT	TCAAGCTTTTTGCAGCAGAAACG	True	True	16624
SARSCoV_1200_17	SARSCoV_1200_17_RIGHT	CCAAGCAGGGTTACGTGTAAGG	False	False	17754
SARSCoV_1200_19	SARSCoV_1200_19_LEFT	GGCACATGGCTTTGAGTTGACA	True	True	18596
SARSCoV_1200_19	SARSCoV_1200_19_RIGHT	CCTGTTGTCCATCAAAGTGTCCC	False	False	19678
SARSCoV_1200_21	SARSCoV_1200_21_LEFT	TCTGTAGTTTCTAAGGTTGTCAAAGTGA	True	True	20553
SARSCoV_1200_21	SARSCoV_1200_21_RIGHT	GCAGGGGGTAATTGAGTTCTGG	False	False	21642
SARSCoV_1200_23	SARSCoV_1200_23_LEFT	ACTTTAGAGTCCAACCAACAGAATCT	True	True	22511
SARSCoV_1200_23	SARSCoV_1200_23_RIGHT	TGACTAGCTACACTACGTGCCC	False	False	23631
SARSCoV_1200_25	SARSCoV_1200_25_LEFT	TGCTGCTACTAAAATGTCAGAGTGT	True	True	24633
SARSCoV_1200_25	SARSCoV_1200_25_RIGHT	CATTTCCAGCAAAGCCAAAGCC	False	False	25790
SARSCoV_1200_27	SARSCoV_1200_27_LEFT	TGGATCACCGGTGGAATTGCTA	True	True	26744
SARSCoV_1200_27	SARSCoV_1200_27_RIGHT	TGTTCGTTTAGGCGTGACAAGT	False	False	27894
SARSCoV_1200_29	SARSCoV_1200_29_LEFT	TGAGGGAGCCTTGAATACACCA	True	True	28677
SARSCoV_1200_29	SARSCoV_1200_29_RIGHT	TAGGCAGCTCTCCCTAGCATTG	False	False	29790
SARSCoV_1200_2	SARSCoV_1200_2_LEFT	CCATAATCAAGACTATTCAACCAAGGGT	True	True	1100
SARSCoV_1200_2	SARSCoV_1200_2_RIGHT	ACAGGTGACAATTTGTCCACCG	False	False	2266
SARSCoV_1200_4	SARSCoV_1200_4_LEFT	GGAATTTGGTGCCACTTCTGCT	True	True	3144
SARSCoV_1200_4	SARSCoV_1200_4_RIGHT	CCTGACCCGGGTAAGTGGTTAT	False	False	4262
SARSCoV_1200_6	SARSCoV_1200_6_LEFT	ACTTCTATTAAATGGGCAGATAACAACTG	True	True	5257
SARSCoV_1200_6	SARSCoV_1200_6_RIGHT	GATTATCCATTCCCTGCGCGTC	False	False	6380
SARSCoV_1200_8	SARSCoV_1200_8_LEFT	CAATCATGCAATTGTTTTTCAGCTATTTTG	True	True	7298
SARSCoV_1200_8	SARSCoV_1200_8_RIGHT	TGACTTTTTGCTACCTGCGCAT	False	False	8385
SARSCoV_1200_10	SARSCoV_1200_10_LEFT	TTTACCAGGAGTTTTCTGTGGTGT	True	True	9303
SARSCoV_1200_10	SARSCoV_1200_10_RIGHT	TGGGCCTCATAGCACATTGGTA	False	False	10451
SARSCoV_1200_12	SARSCoV_1200_12_LEFT	ATGGTGCTAGGAGAGTGTGGAC	True	True	11372
SARSCoV_1200_12	SARSCoV_1200_12_RIGHT	GGATTTCCCACAATGCTGATGC	False	False	12560
SARSCoV_1200_14	SARSCoV_1200_14_LEFT	ACAGGCACTAGTACTGATGTCGT	True	True	13509
SARSCoV_1200_14	SARSCoV_1200_14_RIGHT	GTGCAGCTACTGAAAAGCACGT	False	False	14641
SARSCoV_1200_16	SARSCoV_1200_16_LEFT	ACAACACAGACTTTATGAGTGTCTCT	True	True	15608
SARSCoV_1200_16	SARSCoV_1200_16_RIGHT	CTCTGTCAGACAGCACTTCACG	False	False	16720
SARSCoV_1200_18	SARSCoV_1200_18_LEFT	GCACATAAAGACAAATCAGCTCAATGC	True	True	17622
SARSCoV_1200_18	SARSCoV_1200_18_RIGHT	TGTCTGAAGCAGTGGAAAAGCA	False	False	18706
SARSCoV_1200_20	SARSCoV_1200_20_LEFT	ACAATTTGATACTTATAACCTCTGGAACAC	True	True	19574
SARSCoV_1200_20	SARSCoV_1200_20_RIGHT	GATTAGGCATAGCAACACCCGG	False	False	20698
SARSCoV_1200_22	SARSCoV_1200_22_LEFT	GTGATGTTCTTGTTAACAACTAAACGAACA	True	True	21532
SARSCoV_1200_22	SARSCoV_1200_22_RIGHT	AACAGATGCAAATCTGGTGGCG	False	False	22612
SARSCoV_1200_24	SARSCoV_1200_24_LEFT	GCTGAACATGTCAACAACTCATATGA	True	True	23518
SARSCoV_1200_24	SARSCoV_1200_24_RIGHT	ATGAGGTGCTGACTGAGGGAAG	False	False	24736
SARSCoV_1200_26	SARSCoV_1200_26_LEFT	GCCTTGAAGCCCCTTTTCTCTA	True	True	25690
SARSCoV_1200_26	SARSCoV_1200_26_RIGHT	AATGACCACATGGAACGCGTAC	False	False	26857
SARSCoV_1200_28	SARSCoV_1200_28_LEFT	TTTGTGCTTTTTAGCCTTTCTGCT	True	True	27784
SARSCoV_1200_28	SARSCoV_1200_28_RIGHT	GTTTGGCCTTGTTGTTGTTGGC	False	False	29007
